Workbook

Sheet Conventions
A1: Fee model conventions (the engine must follow these exactly)
A3: Timing
A4: Annual periods. Fees are charged at year end. No contributions or withdrawals during the horizon.
A6: Each year
A7: 1. Value before fees = Opening value x (1 + gross return).
A8: 2. Fixed fee = Fixed fee % x Opening value (charged even in loss years).
A9: 3. Base = Opening value, or the high-water mark (highest year-end net value so far, starting at the initial investment) if HWM = 1.
A10: 4. Profit over base = Value before fees - Fixed fee - Base. Profit is measured after the fixed fee.
A11: 5. Hurdle amount = Base x Hurdle rate.
A12: 6. Performance fee = Perf % x [ Profit over base - Hurdle amount, floored at 0 ] (no catch-up)
A13: or Perf % x Profit over base if that profit exceeds the hurdle amount, else 0 (catch-up).
A14: 7. Closing value = Value before fees - Fixed fee - Performance fee.
... A24: Colour code: blue = input, black = formula, green = link to another sheet, yellow fill = key assumption to edit.

Sheet Summary
A1: Summary of reference cases
A2: All values link to the case sheets (green). Amounts in rupees.
A4: Case | B4: Name | C4: Final net value | D4: Fixed fees | E4: Performance fees | F4: Exit load | G4: Total fees | H4: Gross CAGR | I4: Net CAGR | J4: Fee drag
A5: C01 | B5: fixed_only | C5: ='C01_fixed_only'!B25 -> 7871193.7 | D5: ='C01_fixed_only'!B26 -> 755577.29 | E5: ='C01_fixed_only'!B27 -> 0 | F5: ='C01_fixed_only'!B24 -> 0 | G5: ='C01_fixed_only'!B28 -> 755577.29 | H5: ='C01_fixed_only'!B29 -> 0.12 | I5: ='C01_fixed_only'!B30 -> 0.095 | J5: ='C01_fixed_only'!B31 -> 0.025
A6: C05 | B6: hwm_only | C6: ='C05_hwm_only'!B25 -> 6608520 | D6: ='C05_hwm_only'!B26 -> 0 | E6: ='C05_hwm_only'!B27 -> 402130 | F6: ='C05_hwm_only'!B24 -> 0 | G6: ='C05_hwm_only'!B28 -> 402130 | H6: ='C05_hwm_only'!B29 -> 0.07124797 | I6: ='C05_hwm_only'!B30 -> 0.057369651 | J6: ='C05_hwm_only'!B31 -> 0.013878319

Sheet C01_fixed_only
A1: C01 fixed_only
A2: Fixed management fee only, steady 12% gross every year.
A3: Inputs (blue = edit these)
A4: Initial investment (Rs) | B4: 5000000
A5: Fixed fee (% of opening value) | B5: 0.025
A6: Performance fee (% of profit) | B6: 0
A7: Hurdle rate (% of base) | B7: 0
A8: Catch-up (1 = yes, 0 = no) | B8: 0
A9: High-water mark (1 = yes, 0 = no) | B9: 0
A10: Exit load (% of final value) | B10: 0
A12: Year | B12: Gross return | C12: Opening value | D12: Value before fees | E12: Fixed fee | F12: Base (opening or HWM) | G12: Profit over base | H12: Hurdle amount | I12: Performance fee | J12: Closing value | K12: HWM after year | L12: Gross value (no fees)
A13: 1 | B13: 0.12 | C13: =$B$4 -> 5000000 | D13: =C13*(1+B13) -> 5600000 | E13: =C13*$B$5 -> 125000 | F13: =IF($B$9=1,$B$4,C13) -> 5000000 | G13: =D13-E13-F13 -> 475000 | H13: =F13*$B$7 -> 0 | I13: =$B$6*IF($B$8=1,IF(G13>H13,G13,0),MAX(0,G13-H13)) -> 0 | J13: =D13-E13-I13 -> 5475000 | K13: =MAX($B$4,J13) -> 5475000 | L13: =$B$4*(1+B13) -> 5600000
A14: 2 | B14: 0.12 | C14: =J13 -> 5475000 | D14: =C14*(1+B14) -> 6132000 | E14: =C14*$B$5 -> 136875 | F14: =IF($B$9=1,K13,C14) -> 5475000 | G14: =D14-E14-F14 -> 520125 | H14: =F14*$B$7 -> 0 | I14: =$B$6*IF($B$8=1,IF(G14>H14,G14,0),MAX(0,G14-H14)) -> 0 | J14: =D14-E14-I14 -> 5995125 | K14: =MAX(K13,J14) -> 5995125 | L14: =L13*(1+B14) -> 6272000
A15: 3 | B15: 0.12 | C15: =J14 -> 5995125 | D15: =C15*(1+B15) -> 6714540 | E15: =C15*$B$5 -> 149878.12 | F15: =IF($B$9=1,K14,C15) -> 5995125 | G15: =D15-E15-F15 -> 569536.88 | H15: =F15*$B$7 -> 0 | I15: =$B$6*IF($B$8=1,IF(G15>H15,G15,0),MAX(0,G15-H15)) -> 0 | J15: =D15-E15-I15 -> 6564661.9 | K15: =MAX(K14,J15) -> 6564661.9 | L15: =L14*(1+B15) -> 7024640
A16: 4 | B16: 0.12 | C16: =J15 -> 6564661.9 | D16: =C16*(1+B16) -> 7352421.3 | E16: =C16*$B$5 -> 164116.55 | F16: =IF($B$9=1,K15,C16) -> 6564661.9 | G16: =D16-E16-F16 -> 623642.88 | H16: =F16*$B$7 -> 0 | I16: =$B$6*IF($B$8=1,IF(G16>H16,G16,0),MAX(0,G16-H16)) -> 0 | J16: =D16-E16-I16 -> 7188304.8 | K16: =MAX(K15,J16) -> 7188304.8 | L16: =L15*(1+B16) -> 7867596.8
A17: 5 | B17: 0.12 | C17: =J16 -> 7188304.8 | D17: =C17*(1+B17) -> 8050901.3 | E17: =C17*$B$5 -> 179707.62 | F17: =IF($B$9=1,K16,C17) -> 7188304.8 | G17: =D17-E17-F17 -> 682888.95 | H17: =F17*$B$7 -> 0 | I17: =$B$6*IF($B$8=1,IF(G17>H17,G17,0),MAX(0,G17-H17)) -> 0 | J17: =D17-E17-I17 -> 7871193.7 | K17: =MAX(K16,J17) -> 7871193.7 | L17: =L16*(1+B17) -> 8811708.4
A20: Results
A21: Years | B21: =COUNT(A13:A17) -> 5
A22: Gross final value (no fees) | B22: =L17 -> 8811708.4
A23: Closing value before exit load | B23: =J17 -> 7871193.7
A24: Exit load amount | B24: =B23*B10 -> 0
A25: Final net value | B25: =B23-B24 -> 7871193.7
A26: Total fixed fees | B26: =SUM(E13:E17) -> 755577.29
A27: Total performance fees | B27: =SUM(I13:I17) -> 0
A28: Total fees incl. exit load | B28: =B24+B26+B27 -> 755577.29
A29: Gross CAGR | B29: =(B22/B4)^(1/B21)-1 -> 0.12
A30: Net CAGR | B30: =(B25/B4)^(1/B21)-1 -> 0.095
A31: Fee drag (gross CAGR minus net CAGR) | B31: =B29-B30 -> 0.025

Sheet C05_hwm_only
A1: C05 hwm_only
A2: 20% profit share with high-water mark. Two loss years must be recovered before any new fee.
A3: Inputs (blue = edit these)
A4: Initial investment (Rs) | B4: 5000000
A5: Fixed fee (% of opening value) | B5: 0
A6: Performance fee (% of profit) | B6: 0.2
A7: Hurdle rate (% of base) | B7: 0
A8: Catch-up (1 = yes, 0 = no) | B8: 0
A9: High-water mark (1 = yes, 0 = no) | B9: 1
A10: Exit load (% of final value) | B10: 0
A12: Year | B12: Gross return | C12: Opening value | D12: Value before fees | E12: Fixed fee | F12: Base (opening or HWM) | G12: Profit over base | H12: Hurdle amount | I12: Performance fee | J12: Closing value | K12: HWM after year | L12: Gross value (no fees)
A13: 1 | B13: 0.2 | C13: =$B$4 -> 5000000 | D13: =C13*(1+B13) -> 6000000 | E13: =C13*$B$5 -> 0 | F13: =IF($B$9=1,$B$4,C13) -> 5000000 | G13: =D13-E13-F13 -> 1000000 | H13: =F13*$B$7 -> 0 | I13: =$B$6*IF($B$8=1,IF(G13>H13,G13,0),MAX(0,G13-H13)) -> 200000 | J13: =D13-E13-I13 -> 5800000 | K13: =MAX($B$4,J13) -> 5800000 | L13: =$B$4*(1+B13) -> 6000000
A14: 2 | B14: -0.1 | C14: =J13 -> 5800000 | D14: =C14*(1+B14) -> 5220000 | E14: =C14*$B$5 -> 0 | F14: =IF($B$9=1,K13,C14) -> 5800000 | G14: =D14-E14-F14 -> -580000 | H14: =F14*$B$7 -> 0 | I14: =$B$6*IF($B$8=1,IF(G14>H14,G14,0),MAX(0,G14-H14)) -> 0 | J14: =D14-E14-I14 -> 5220000 | K14: =MAX(K13,J14) -> 5800000 | L14: =L13*(1+B14) -> 5400000
A15: 3 | B15: -0.05 | C15: =J14 -> 5220000 | D15: =C15*(1+B15) -> 4959000 | E15: =C15*$B$5 -> 0 | F15: =IF($B$9=1,K14,C15) -> 5800000 | G15: =D15-E15-F15 -> -841000 | H15: =F15*$B$7 -> 0 | I15: =$B$6*IF($B$8=1,IF(G15>H15,G15,0),MAX(0,G15-H15)) -> 0 | J15: =D15-E15-I15 -> 4959000 | K15: =MAX(K14,J15) -> 5800000 | L15: =L14*(1+B15) -> 5130000
A16: 4 | B16: 0.25 | C16: =J15 -> 4959000 | D16: =C16*(1+B16) -> 6198750 | E16: =C16*$B$5 -> 0 | F16: =IF($B$9=1,K15,C16) -> 5800000 | G16: =D16-E16-F16 -> 398750 | H16: =F16*$B$7 -> 0 | I16: =$B$6*IF($B$8=1,IF(G16>H16,G16,0),MAX(0,G16-H16)) -> 79750 | J16: =D16-E16-I16 -> 6119000 | K16: =MAX(K15,J16) -> 6119000 | L16: =L15*(1+B16) -> 6412500
A17: 5 | B17: 0.1 | C17: =J16 -> 6119000 | D17: =C17*(1+B17) -> 6730900 | E17: =C17*$B$5 -> 0 | F17: =IF($B$9=1,K16,C17) -> 6119000 | G17: =D17-E17-F17 -> 611900 | H17: =F17*$B$7 -> 0 | I17: =$B$6*IF($B$8=1,IF(G17>H17,G17,0),MAX(0,G17-H17)) -> 122380 | J17: =D17-E17-I17 -> 6608520 | K17: =MAX(K16,J17) -> 6608520 | L17: =L16*(1+B17) -> 7053750
A20: Results
A21: Years | B21: =COUNT(A13:A17) -> 5
A22: Gross final value (no fees) | B22: =L17 -> 7053750
A23: Closing value before exit load | B23: =J17 -> 6608520
A24: Exit load amount | B24: =B23*B10 -> 0
A25: Final net value | B25: =B23-B24 -> 6608520
A26: Total fixed fees | B26: =SUM(E13:E17) -> 0
A27: Total performance fees | B27: =SUM(I13:I17) -> 402130
A28: Total fees incl. exit load | B28: =B24+B26+B27 -> 402130
A29: Gross CAGR | B29: =(B22/B4)^(1/B21)-1 -> 0.07124797
A30: Net CAGR | B30: =(B25/B4)^(1/B21)-1 -> 0.057369651
A31: Fee drag (gross CAGR minus net CAGR) | B31: =B29-B30 -> 0.013878319

Sheet TPL_blank_template
A1: TPL blank_template
A2: Copy this sheet (right-click tab, Move or Copy) for a new case, then edit the blue cells.
A3: Inputs (blue = edit these)
A4: Initial investment (Rs) | B4: 5000000
A5: Fixed fee (% of opening value) | B5: 0
A6: Performance fee (% of profit) | B6: 0
A7: Hurdle rate (% of base) | B7: 0
A8: Catch-up (1 = yes, 0 = no) | B8: 0
A9: High-water mark (1 = yes, 0 = no) | B9: 0
A10: Exit load (% of final value) | B10: 0
A12: Year | B12: Gross return | C12: Opening value | D12: Value before fees | E12: Fixed fee | F12: Base (opening or HWM) | G12: Profit over base | H12: Hurdle amount | I12: Performance fee | J12: Closing value | K12: HWM after year | L12: Gross value (no fees)
A13: 1 | B13: 0 | C13: =$B$4 -> 5000000 | D13: =C13*(1+B13) -> 5000000 | E13: =C13*$B$5 -> 0 | F13: =IF($B$9=1,$B$4,C13) -> 5000000 | G13: =D13-E13-F13 -> 0 | H13: =F13*$B$7 -> 0 | I13: =$B$6*IF($B$8=1,IF(G13>H13,G13,0),MAX(0,G13-H13)) -> 0 | J13: =D13-E13-I13 -> 5000000 | K13: =MAX($B$4,J13) -> 5000000 | L13: =$B$4*(1+B13) -> 5000000
A14: 2 | B14: 0 | C14: =J13 -> 5000000 | D14: =C14*(1+B14) -> 5000000 | E14: =C14*$B$5 -> 0 | F14: =IF($B$9=1,K13,C14) -> 5000000 | G14: =D14-E14-F14 -> 0 | H14: =F14*$B$7 -> 0 | I14: =$B$6*IF($B$8=1,IF(G14>H14,G14,0),MAX(0,G14-H14)) -> 0 | J14: =D14-E14-I14 -> 5000000 | K14: =MAX(K13,J14) -> 5000000 | L14: =L13*(1+B14) -> 5000000
A15: 3 | B15: 0 | C15: =J14 -> 5000000 | D15: =C15*(1+B15) -> 5000000 | E15: =C15*$B$5 -> 0 | F15: =IF($B$9=1,K14,C15) -> 5000000 | G15: =D15-E15-F15 -> 0 | H15: =F15*$B$7 -> 0 | I15: =$B$6*IF($B$8=1,IF(G15>H15,G15,0),MAX(0,G15-H15)) -> 0 | J15: =D15-E15-I15 -> 5000000 | K15: =MAX(K14,J15) -> 5000000 | L15: =L14*(1+B15) -> 5000000
A16: 4 | B16: 0 | C16: =J15 -> 5000000 | D16: =C16*(1+B16) -> 5000000 | E16: =C16*$B$5 -> 0 | F16: =IF($B$9=1,K15,C16) -> 5000000 | G16: =D16-E16-F16 -> 0 | H16: =F16*$B$7 -> 0 | I16: =$B$6*IF($B$8=1,IF(G16>H16,G16,0),MAX(0,G16-H16)) -> 0 | J16: =D16-E16-I16 -> 5000000 | K16: =MAX(K15,J16) -> 5000000 | L16: =L15*(1+B16) -> 5000000
A17: 5 | B17: 0 | C17: =J16 -> 5000000 | D17: =C17*(1+B17) -> 5000000 | E17: =C17*$B$5 -> 0 | F17: =IF($B$9=1,K16,C17) -> 5000000 | G17: =D17-E17-F17 -> 0 | H17: =F17*$B$7 -> 0 | I17: =$B$6*IF($B$8=1,IF(G17>H17,G17,0),MAX(0,G17-H17)) -> 0 | J17: =D17-E17-I17 -> 5000000 | K17: =MAX(K16,J17) -> 5000000 | L17: =L16*(1+B17) -> 5000000
A20: Results
A21: Years | B21: =COUNT(A13:A17) -> 5
A22: Gross final value (no fees) | B22: =L17 -> 5000000
A23: Closing value before exit load | B23: =J17 -> 5000000
A24: Exit load amount | B24: =B23*B10 -> 0
A25: Final net value | B25: =B23-B24 -> 5000000
A26: Total fixed fees | B26: =SUM(E13:E17) -> 0
A27: Total performance fees | B27: =SUM(I13:I17) -> 0
A28: Total fees incl. exit load | B28: =B24+B26+B27 -> 0
A29: Gross CAGR | B29: =(B22/B4)^(1/B21)-1 -> 0
A30: Net CAGR | B30: =(B25/B4)^(1/B21)-1 -> 0
A31: Fee drag (gross CAGR minus net CAGR) | B31: =B29-B30 -> 0

Sheet CO2_Hybrid_No_Hurdles
A1: CO2_Hybrid
A2: Copy this sheet (right-click tab, Move or Copy) for a new case, then edit the blue cells.
A3: Inputs (blue = edit these)
A4: Initial investment (Rs) | B4: 5000000
A5: Fixed fee (% of opening value) | B5: 0.015
A6: Performance fee (% of profit) | B6: 0.2
A7: Hurdle rate (% of base) | B7: 0
A8: Catch-up (1 = yes, 0 = no) | B8: 0
A9: High-water mark (1 = yes, 0 = no) | B9: 0
A10: Exit load (% of final value) | B10: 0
A12: Year | B12: Gross return | C12: Opening value | D12: Value before fees | E12: Fixed fee | F12: Base (opening or HWM) | G12: Profit over base | H12: Hurdle amount | I12: Performance fee | J12: Closing value | K12: HWM after year | L12: Gross value (no fees)
A13: 1 | B13: 0.15 | C13: =$B$4 -> 5000000 | D13: =C13*(1+B13) -> 5750000 | E13: =C13*$B$5 -> 75000 | F13: =IF($B$9=1,$B$4,C13) -> 5000000 | G13: =D13-E13-F13 -> 675000 | H13: =F13*$B$7 -> 0 | I13: =$B$6*IF($B$8=1,IF(G13>H13,G13,0),MAX(0,G13-H13)) -> 135000 | J13: =D13-E13-I13 -> 5540000 | K13: =MAX($B$4,J13) -> 5540000 | L13: =$B$4*(1+B13) -> 5750000
A14: 2 | B14: -0.05 | C14: =J13 -> 5540000 | D14: =C14*(1+B14) -> 5263000 | E14: =C14*$B$5 -> 83100 | F14: =IF($B$9=1,K13,C14) -> 5540000 | G14: =D14-E14-F14 -> -360100 | H14: =F14*$B$7 -> 0 | I14: =$B$6*IF($B$8=1,IF(G14>H14,G14,0),MAX(0,G14-H14)) -> 0 | J14: =D14-E14-I14 -> 5179900 | K14: =MAX(K13,J14) -> 5540000 | L14: =L13*(1+B14) -> 5462500
A15: 3 | B15: 0.2 | C15: =J14 -> 5179900 | D15: =C15*(1+B15) -> 6215880 | E15: =C15*$B$5 -> 77698.5 | F15: =IF($B$9=1,K14,C15) -> 5179900 | G15: =D15-E15-F15 -> 958281.5 | H15: =F15*$B$7 -> 0 | I15: =$B$6*IF($B$8=1,IF(G15>H15,G15,0),MAX(0,G15-H15)) -> 191656.3 | J15: =D15-E15-I15 -> 5946525.2 | K15: =MAX(K14,J15) -> 5946525.2 | L15: =L14*(1+B15) -> 6555000
A16: 4 | B16: 0.1 | C16: =J15 -> 5946525.2 | D16: =C16*(1+B16) -> 6541177.7 | E16: =C16*$B$5 -> 89197.878 | F16: =IF($B$9=1,K15,C16) -> 5946525.2 | G16: =D16-E16-F16 -> 505454.64 | H16: =F16*$B$7 -> 0 | I16: =$B$6*IF($B$8=1,IF(G16>H16,G16,0),MAX(0,G16-H16)) -> 101090.93 | J16: =D16-E16-I16 -> 6350888.9 | K16: =MAX(K15,J16) -> 6350888.9 | L16: =L15*(1+B16) -> 7210500
A17: 5 | B17: 0.12 | C17: =J16 -> 6350888.9 | D17: =C17*(1+B17) -> 7112995.6 | E17: =C17*$B$5 -> 95263.334 | F17: =IF($B$9=1,K16,C17) -> 6350888.9 | G17: =D17-E17-F17 -> 666843.34 | H17: =F17*$B$7 -> 0 | I17: =$B$6*IF($B$8=1,IF(G17>H17,G17,0),MAX(0,G17-H17)) -> 133368.67 | J17: =D17-E17-I17 -> 6884363.6 | K17: =MAX(K16,J17) -> 6884363.6 | L17: =L16*(1+B17) -> 8075760
A20: Results
A21: Years | B21: =COUNT(A13:A17) -> 5
A22: Gross final value (no fees) | B22: =L17 -> 8075760
A23: Closing value before exit load | B23: =J17 -> 6884363.6
A24: Exit load amount | B24: =B23*B10 -> 0
A25: Final net value | B25: =B23-B24 -> 6884363.6
A26: Total fixed fees | B26: =SUM(E13:E17) -> 420259.71
A27: Total performance fees | B27: =SUM(I13:I17) -> 561115.9
A28: Total fees incl. exit load | B28: =B24+B26+B27 -> 981375.61
A29: Gross CAGR | B29: =(B22/B4)^(1/B21)-1 -> 0.10063338
A30: Net CAGR | B30: =(B25/B4)^(1/B21)-1 -> 0.066052907
A31: Fee drag (gross CAGR minus net CAGR) | B31: =B29-B30 -> 0.034580473

Sheet CO3_HUrdle_no_catchup
A1: CO2_Hybrid
A2: Copy this sheet (right-click tab, Move or Copy) for a new case, then edit the blue cells.
A3: Inputs (blue = edit these)
A4: Initial investment (Rs) | B4: 5000000
A5: Fixed fee (% of opening value) | B5: 0
A6: Performance fee (% of profit) | B6: 0.2
A7: Hurdle rate (% of base) | B7: 0.1
A8: Catch-up (1 = yes, 0 = no) | B8: 0
A9: High-water mark (1 = yes, 0 = no) | B9: 0
A10: Exit load (% of final value) | B10: 0
A12: Year | B12: Gross return | C12: Opening value | D12: Value before fees | E12: Fixed fee | F12: Base (opening or HWM) | G12: Profit over base | H12: Hurdle amount | I12: Performance fee | J12: Closing value | K12: HWM after year | L12: Gross value (no fees)
A13: 1 | B13: 0.14 | C13: =$B$4 -> 5000000 | D13: =C13*(1+B13) -> 5700000 | E13: =C13*$B$5 -> 0 | F13: =IF($B$9=1,$B$4,C13) -> 5000000 | G13: =D13-E13-F13 -> 700000 | H13: =F13*$B$7 -> 500000 | I13: =$B$6*IF($B$8=1,IF(G13>H13,G13,0),MAX(0,G13-H13)) -> 40000 | J13: =D13-E13-I13 -> 5660000 | K13: =MAX($B$4,J13) -> 5660000 | L13: =$B$4*(1+B13) -> 5700000
A14: 2 | B14: 0.08 | C14: =J13 -> 5660000 | D14: =C14*(1+B14) -> 6112800 | E14: =C14*$B$5 -> 0 | F14: =IF($B$9=1,K13,C14) -> 5660000 | G14: =D14-E14-F14 -> 452800 | H14: =F14*$B$7 -> 566000 | I14: =$B$6*IF($B$8=1,IF(G14>H14,G14,0),MAX(0,G14-H14)) -> 0 | J14: =D14-E14-I14 -> 6112800 | K14: =MAX(K13,J14) -> 6112800 | L14: =L13*(1+B14) -> 6156000
A15: 3 | B15: 0.18 | C15: =J14 -> 6112800 | D15: =C15*(1+B15) -> 7213104 | E15: =C15*$B$5 -> 0 | F15: =IF($B$9=1,K14,C15) -> 6112800 | G15: =D15-E15-F15 -> 1100304 | H15: =F15*$B$7 -> 611280 | I15: =$B$6*IF($B$8=1,IF(G15>H15,G15,0),MAX(0,G15-H15)) -> 97804.8 | J15: =D15-E15-I15 -> 7115299.2 | K15: =MAX(K14,J15) -> 7115299.2 | L15: =L14*(1+B15) -> 7264080
A16: 4 | B16: 0.12 | C16: =J15 -> 7115299.2 | D16: =C16*(1+B16) -> 7969135.1 | E16: =C16*$B$5 -> 0 | F16: =IF($B$9=1,K15,C16) -> 7115299.2 | G16: =D16-E16-F16 -> 853835.9 | H16: =F16*$B$7 -> 711529.92 | I16: =$B$6*IF($B$8=1,IF(G16>H16,G16,0),MAX(0,G16-H16)) -> 28461.197 | J16: =D16-E16-I16 -> 7940673.9 | K16: =MAX(K15,J16) -> 7940673.9 | L16: =L15*(1+B16) -> 8135769.6
A17: 5 | B17: 0.09 | C17: =J16 -> 7940673.9 | D17: =C17*(1+B17) -> 8655334.6 | E17: =C17*$B$5 -> 0 | F17: =IF($B$9=1,K16,C17) -> 7940673.9 | G17: =D17-E17-F17 -> 714660.65 | H17: =F17*$B$7 -> 794067.39 | I17: =$B$6*IF($B$8=1,IF(G17>H17,G17,0),MAX(0,G17-H17)) -> 0 | J17: =D17-E17-I17 -> 8655334.6 | K17: =MAX(K16,J17) -> 8655334.6 | L17: =L16*(1+B17) -> 8867988.9
A20: Results
A21: Years | B21: =COUNT(A13:A17) -> 5
A22: Gross final value (no fees) | B22: =L17 -> 8867988.9
A23: Closing value before exit load | B23: =J17 -> 8655334.6
A24: Exit load amount | B24: =B23*B10 -> 0
A25: Final net value | B25: =B23-B24 -> 8655334.6
A26: Total fixed fees | B26: =SUM(E13:E17) -> 0
A27: Total performance fees | B27: =SUM(I13:I17) -> 166266
A28: Total fees incl. exit load | B28: =B24+B26+B27 -> 166266
A29: Gross CAGR | B29: =(B22/B4)^(1/B21)-1 -> 0.12142705
A30: Net CAGR | B30: =(B25/B4)^(1/B21)-1 -> 0.11599634
A31: Fee drag (gross CAGR minus net CAGR) | B31: =B29-B30 -> 0.0054307066

Sheet CO4_HUrdle_catchup 
A1: CO2_Hybrid
A2: Copy this sheet (right-click tab, Move or Copy) for a new case, then edit the blue cells.
A3: Inputs (blue = edit these)
A4: Initial investment (Rs) | B4: 5000000
A5: Fixed fee (% of opening value) | B5: 0
A6: Performance fee (% of profit) | B6: 0.2
A7: Hurdle rate (% of base) | B7: 0.1
A8: Catch-up (1 = yes, 0 = no) | B8: 1
A9: High-water mark (1 = yes, 0 = no) | B9: 0
A10: Exit load (% of final value) | B10: 0
A12: Year | B12: Gross return | C12: Opening value | D12: Value before fees | E12: Fixed fee | F12: Base (opening or HWM) | G12: Profit over base | H12: Hurdle amount | I12: Performance fee | J12: Closing value | K12: HWM after year | L12: Gross value (no fees)
A13: 1 | B13: 0.14 | C13: =$B$4 -> 5000000 | D13: =C13*(1+B13) -> 5700000 | E13: =C13*$B$5 -> 0 | F13: =IF($B$9=1,$B$4,C13) -> 5000000 | G13: =D13-E13-F13 -> 700000 | H13: =F13*$B$7 -> 500000 | I13: =$B$6*IF($B$8=1,IF(G13>H13,G13,0),MAX(0,G13-H13)) -> 140000 | J13: =D13-E13-I13 -> 5560000 | K13: =MAX($B$4,J13) -> 5560000 | L13: =$B$4*(1+B13) -> 5700000
A14: 2 | B14: 0.08 | C14: =J13 -> 5560000 | D14: =C14*(1+B14) -> 6004800 | E14: =C14*$B$5 -> 0 | F14: =IF($B$9=1,K13,C14) -> 5560000 | G14: =D14-E14-F14 -> 444800 | H14: =F14*$B$7 -> 556000 | I14: =$B$6*IF($B$8=1,IF(G14>H14,G14,0),MAX(0,G14-H14)) -> 0 | J14: =D14-E14-I14 -> 6004800 | K14: =MAX(K13,J14) -> 6004800 | L14: =L13*(1+B14) -> 6156000
A15: 3 | B15: 0.18 | C15: =J14 -> 6004800 | D15: =C15*(1+B15) -> 7085664 | E15: =C15*$B$5 -> 0 | F15: =IF($B$9=1,K14,C15) -> 6004800 | G15: =D15-E15-F15 -> 1080864 | H15: =F15*$B$7 -> 600480 | I15: =$B$6*IF($B$8=1,IF(G15>H15,G15,0),MAX(0,G15-H15)) -> 216172.8 | J15: =D15-E15-I15 -> 6869491.2 | K15: =MAX(K14,J15) -> 6869491.2 | L15: =L14*(1+B15) -> 7264080
A16: 4 | B16: 0.12 | C16: =J15 -> 6869491.2 | D16: =C16*(1+B16) -> 7693830.1 | E16: =C16*$B$5 -> 0 | F16: =IF($B$9=1,K15,C16) -> 6869491.2 | G16: =D16-E16-F16 -> 824338.94 | H16: =F16*$B$7 -> 686949.12 | I16: =$B$6*IF($B$8=1,IF(G16>H16,G16,0),MAX(0,G16-H16)) -> 164867.79 | J16: =D16-E16-I16 -> 7528962.4 | K16: =MAX(K15,J16) -> 7528962.4 | L16: =L15*(1+B16) -> 8135769.6
A17: 5 | B17: 0.09 | C17: =J16 -> 7528962.4 | D17: =C17*(1+B17) -> 8206569 | E17: =C17*$B$5 -> 0 | F17: =IF($B$9=1,K16,C17) -> 7528962.4 | G17: =D17-E17-F17 -> 677606.61 | H17: =F17*$B$7 -> 752896.24 | I17: =$B$6*IF($B$8=1,IF(G17>H17,G17,0),MAX(0,G17-H17)) -> 0 | J17: =D17-E17-I17 -> 8206569 | K17: =MAX(K16,J17) -> 8206569 | L17: =L16*(1+B17) -> 8867988.9
A20: Results
A21: Years | B21: =COUNT(A13:A17) -> 5
A22: Gross final value (no fees) | B22: =L17 -> 8867988.9
A23: Closing value before exit load | B23: =J17 -> 8206569
A24: Exit load amount | B24: =B23*B10 -> 0
A25: Final net value | B25: =B23-B24 -> 8206569
A26: Total fixed fees | B26: =SUM(E13:E17) -> 0
A27: Total performance fees | B27: =SUM(I13:I17) -> 521040.59
A28: Total fees incl. exit load | B28: =B24+B26+B27 -> 521040.59
A29: Gross CAGR | B29: =(B22/B4)^(1/B21)-1 -> 0.12142705
A30: Net CAGR | B30: =(B25/B4)^(1/B21)-1 -> 0.10417605
A31: Fee drag (gross CAGR minus net CAGR) | B31: =B29-B30 -> 0.017250996

Sheet CO6_Hurdle_+HWM
A1: CO2_Hybrid
A2: Copy this sheet (right-click tab, Move or Copy) for a new case, then edit the blue cells.
A3: Inputs (blue = edit these)
A4: Initial investment (Rs) | B4: 5000000
A5: Fixed fee (% of opening value) | B5: 0.01
A6: Performance fee (% of profit) | B6: 0.2
A7: Hurdle rate (% of base) | B7: 0.08
A8: Catch-up (1 = yes, 0 = no) | B8: 0
A9: High-water mark (1 = yes, 0 = no) | B9: 1
A10: Exit load (% of final value) | B10: 0
A12: Year | B12: Gross return | C12: Opening value | D12: Value before fees | E12: Fixed fee | F12: Base (opening or HWM) | G12: Profit over base | H12: Hurdle amount | I12: Performance fee | J12: Closing value | K12: HWM after year | L12: Gross value (no fees)
A13: 1 | B13: 0.18 | C13: =$B$4 -> 5000000 | D13: =C13*(1+B13) -> 5900000 | E13: =C13*$B$5 -> 50000 | F13: =IF($B$9=1,$B$4,C13) -> 5000000 | G13: =D13-E13-F13 -> 850000 | H13: =F13*$B$7 -> 400000 | I13: =$B$6*IF($B$8=1,IF(G13>H13,G13,0),MAX(0,G13-H13)) -> 90000 | J13: =D13-E13-I13 -> 5760000 | K13: =MAX($B$4,J13) -> 5760000 | L13: =$B$4*(1+B13) -> 5900000
A14: 2 | B14: -0.12 | C14: =J13 -> 5760000 | D14: =C14*(1+B14) -> 5068800 | E14: =C14*$B$5 -> 57600 | F14: =IF($B$9=1,K13,C14) -> 5760000 | G14: =D14-E14-F14 -> -748800 | H14: =F14*$B$7 -> 460800 | I14: =$B$6*IF($B$8=1,IF(G14>H14,G14,0),MAX(0,G14-H14)) -> 0 | J14: =D14-E14-I14 -> 5011200 | K14: =MAX(K13,J14) -> 5760000 | L14: =L13*(1+B14) -> 5192000
A15: 3 | B15: 0.1 | C15: =J14 -> 5011200 | D15: =C15*(1+B15) -> 5512320 | E15: =C15*$B$5 -> 50112 | F15: =IF($B$9=1,K14,C15) -> 5760000 | G15: =D15-E15-F15 -> -297792 | H15: =F15*$B$7 -> 460800 | I15: =$B$6*IF($B$8=1,IF(G15>H15,G15,0),MAX(0,G15-H15)) -> 0 | J15: =D15-E15-I15 -> 5462208 | K15: =MAX(K14,J15) -> 5760000 | L15: =L14*(1+B15) -> 5711200
A16: 4 | B16: 0.22 | C16: =J15 -> 5462208 | D16: =C16*(1+B16) -> 6663893.8 | E16: =C16*$B$5 -> 54622.08 | F16: =IF($B$9=1,K15,C16) -> 5760000 | G16: =D16-E16-F16 -> 849271.68 | H16: =F16*$B$7 -> 460800 | I16: =$B$6*IF($B$8=1,IF(G16>H16,G16,0),MAX(0,G16-H16)) -> 77694.336 | J16: =D16-E16-I16 -> 6531577.3 | K16: =MAX(K15,J16) -> 6531577.3 | L16: =L15*(1+B16) -> 6967664
A17: 5 | B17: 0.09 | C17: =J16 -> 6531577.3 | D17: =C17*(1+B17) -> 7119419.3 | E17: =C17*$B$5 -> 65315.773 | F17: =IF($B$9=1,K16,C17) -> 6531577.3 | G17: =D17-E17-F17 -> 522526.19 | H17: =F17*$B$7 -> 522526.19 | I17: =$B$6*IF($B$8=1,IF(G17>H17,G17,0),MAX(0,G17-H17)) -> 2.2118911e-10 | J17: =D17-E17-I17 -> 7054103.5 | K17: =MAX(K16,J17) -> 7054103.5 | L17: =L16*(1+B17) -> 7594753.8
A20: Results
A21: Years | B21: =COUNT(A13:A17) -> 5
A22: Gross final value (no fees) | B22: =L17 -> 7594753.8
A23: Closing value before exit load | B23: =J17 -> 7054103.5
A24: Exit load amount | B24: =B23*B10 -> 0
A25: Final net value | B25: =B23-B24 -> 7054103.5
A26: Total fixed fees | B26: =SUM(E13:E17) -> 277649.85
A27: Total performance fees | B27: =SUM(I13:I17) -> 167694.34
A28: Total fees incl. exit load | B28: =B24+B26+B27 -> 445344.19
A29: Gross CAGR | B29: =(B22/B4)^(1/B21)-1 -> 0.087198235
A30: Net CAGR | B30: =(B25/B4)^(1/B21)-1 -> 0.071258708
A31: Fee drag (gross CAGR minus net CAGR) | B31: =B29-B30 -> 0.015939527

Sheet CO7_HurdleEdge_no_catchup 
A1: CO7_HurdleEdge
A2: Copy this sheet (right-click tab, Move or Copy) for a new case, then edit the blue cells.
A3: Inputs (blue = edit these)
A4: Initial investment (Rs) | B4: 5000000
A5: Fixed fee (% of opening value) | B5: 0.02
A6: Performance fee (% of profit) | B6: 0.2
A7: Hurdle rate (% of base) | B7: 0.1
A8: Catch-up (1 = yes, 0 = no) | B8: 0
A9: High-water mark (1 = yes, 0 = no) | B9: 0
A10: Exit load (% of final value) | B10: 0
A12: Year | B12: Gross return | C12: Opening value | D12: Value before fees | E12: Fixed fee | F12: Base (opening or HWM) | G12: Profit over base | H12: Hurdle amount | I12: Performance fee | J12: Closing value | K12: HWM after year | L12: Gross value (no fees)
A13: 1 | B13: 0.119 | C13: =$B$4 -> 5000000 | D13: =C13*(1+B13) -> 5595000 | E13: =C13*$B$5 -> 100000 | F13: =IF($B$9=1,$B$4,C13) -> 5000000 | G13: =D13-E13-F13 -> 495000 | H13: =F13*$B$7 -> 500000 | I13: =$B$6*IF($B$8=1,IF(G13>H13,G13,0),MAX(0,G13-H13)) -> 0 | J13: =D13-E13-I13 -> 5495000 | K13: =MAX($B$4,J13) -> 5495000 | L13: =$B$4*(1+B13) -> 5595000
A14: 2 | B14: 0.121 | C14: =J13 -> 5495000 | D14: =C14*(1+B14) -> 6159895 | E14: =C14*$B$5 -> 109900 | F14: =IF($B$9=1,K13,C14) -> 5495000 | G14: =D14-E14-F14 -> 554995 | H14: =F14*$B$7 -> 549500 | I14: =$B$6*IF($B$8=1,IF(G14>H14,G14,0),MAX(0,G14-H14)) -> 1099 | J14: =D14-E14-I14 -> 6048896 | K14: =MAX(K13,J14) -> 6048896 | L14: =L13*(1+B14) -> 6271995
A15: 3 | B15: 0.119 | C15: =J14 -> 6048896 | D15: =C15*(1+B15) -> 6768714.6 | E15: =C15*$B$5 -> 120977.92 | F15: =IF($B$9=1,K14,C15) -> 6048896 | G15: =D15-E15-F15 -> 598840.7 | H15: =F15*$B$7 -> 604889.6 | I15: =$B$6*IF($B$8=1,IF(G15>H15,G15,0),MAX(0,G15-H15)) -> 0 | J15: =D15-E15-I15 -> 6647736.7 | K15: =MAX(K14,J15) -> 6647736.7 | L15: =L14*(1+B15) -> 7018362.4
A16: 4 | B16: 0.121 | C16: =J15 -> 6647736.7 | D16: =C16*(1+B16) -> 7452112.8 | E16: =C16*$B$5 -> 132954.73 | F16: =IF($B$9=1,K15,C16) -> 6647736.7 | G16: =D16-E16-F16 -> 671421.41 | H16: =F16*$B$7 -> 664773.67 | I16: =$B$6*IF($B$8=1,IF(G16>H16,G16,0),MAX(0,G16-H16)) -> 1329.5473 | J16: =D16-E16-I16 -> 7317828.6 | K16: =MAX(K15,J16) -> 7317828.6 | L16: =L15*(1+B16) -> 7867584.3
A17: 5 | B17: 0.05 | C17: =J16 -> 7317828.6 | D17: =C17*(1+B17) -> 7683720 | E17: =C17*$B$5 -> 146356.57 | F17: =IF($B$9=1,K16,C17) -> 7317828.6 | G17: =D17-E17-F17 -> 219534.86 | H17: =F17*$B$7 -> 731782.86 | I17: =$B$6*IF($B$8=1,IF(G17>H17,G17,0),MAX(0,G17-H17)) -> 0 | J17: =D17-E17-I17 -> 7537363.4 | K17: =MAX(K16,J17) -> 7537363.4 | L17: =L16*(1+B17) -> 8260963.5
A20: Results
A21: Years | B21: =COUNT(A13:A17) -> 5
A22: Gross final value (no fees) | B22: =L17 -> 8260963.5
A23: Closing value before exit load | B23: =J17 -> 7537363.4
A24: Exit load amount | B24: =B23*B10 -> 0
A25: Final net value | B25: =B23-B24 -> 7537363.4
A26: Total fixed fees | B26: =SUM(E13:E17) -> 610189.23
A27: Total performance fees | B27: =SUM(I13:I17) -> 2428.5473
A28: Total fees incl. exit load | B28: =B24+B26+B27 -> 612617.77
A29: Gross CAGR | B29: =(B22/B4)^(1/B21)-1 -> 0.10563592
A30: Net CAGR | B30: =(B25/B4)^(1/B21)-1 -> 0.085550146
A31: Fee drag (gross CAGR minus net CAGR) | B31: =B29-B30 -> 0.020085773

Sheet CO8_HurdleEdge_catchup
A1: CO8
A3: Inputs (blue = edit these)
A4: Initial investment (Rs) | B4: 5000000
A5: Fixed fee (% of opening value) | B5: 0.02
A6: Performance fee (% of profit) | B6: 0.2
A7: Hurdle rate (% of base) | B7: 0.1
A8: Catch-up (1 = yes, 0 = no) | B8: 1
A9: High-water mark (1 = yes, 0 = no) | B9: 0
A10: Exit load (% of final value) | B10: 0
A12: Year | B12: Gross return | C12: Opening value | D12: Value before fees | E12: Fixed fee | F12: Base (opening or HWM) | G12: Profit over base | H12: Hurdle amount | I12: Performance fee | J12: Closing value | K12: HWM after year | L12: Gross value (no fees)
A13: 1 | B13: 0.119 | C13: =$B$4 -> 5000000 | D13: =C13*(1+B13) -> 5595000 | E13: =C13*$B$5 -> 100000 | F13: =IF($B$9=1,$B$4,C13) -> 5000000 | G13: =D13-E13-F13 -> 495000 | H13: =F13*$B$7 -> 500000 | I13: =$B$6*IF($B$8=1,IF(G13>H13,G13,0),MAX(0,G13-H13)) -> 0 | J13: =D13-E13-I13 -> 5495000 | K13: =MAX($B$4,J13) -> 5495000 | L13: =$B$4*(1+B13) -> 5595000
A14: 2 | B14: 0.121 | C14: =J13 -> 5495000 | D14: =C14*(1+B14) -> 6159895 | E14: =C14*$B$5 -> 109900 | F14: =IF($B$9=1,K13,C14) -> 5495000 | G14: =D14-E14-F14 -> 554995 | H14: =F14*$B$7 -> 549500 | I14: =$B$6*IF($B$8=1,IF(G14>H14,G14,0),MAX(0,G14-H14)) -> 110999 | J14: =D14-E14-I14 -> 5938996 | K14: =MAX(K13,J14) -> 5938996 | L14: =L13*(1+B14) -> 6271995
A15: 3 | B15: 0.119 | C15: =J14 -> 5938996 | D15: =C15*(1+B15) -> 6645736.5 | E15: =C15*$B$5 -> 118779.92 | F15: =IF($B$9=1,K14,C15) -> 5938996 | G15: =D15-E15-F15 -> 587960.6 | H15: =F15*$B$7 -> 593899.6 | I15: =$B$6*IF($B$8=1,IF(G15>H15,G15,0),MAX(0,G15-H15)) -> 0 | J15: =D15-E15-I15 -> 6526956.6 | K15: =MAX(K14,J15) -> 6526956.6 | L15: =L14*(1+B15) -> 7018362.4
A16: 4 | B16: 0.121 | C16: =J15 -> 6526956.6 | D16: =C16*(1+B16) -> 7316718.4 | E16: =C16*$B$5 -> 130539.13 | F16: =IF($B$9=1,K15,C16) -> 6526956.6 | G16: =D16-E16-F16 -> 659222.62 | H16: =F16*$B$7 -> 652695.66 | I16: =$B$6*IF($B$8=1,IF(G16>H16,G16,0),MAX(0,G16-H16)) -> 131844.52 | J16: =D16-E16-I16 -> 7054334.7 | K16: =MAX(K15,J16) -> 7054334.7 | L16: =L15*(1+B16) -> 7867584.3
A17: 5 | B17: 0.05 | C17: =J16 -> 7054334.7 | D17: =C17*(1+B17) -> 7407051.4 | E17: =C17*$B$5 -> 141086.69 | F17: =IF($B$9=1,K16,C17) -> 7054334.7 | G17: =D17-E17-F17 -> 211630.04 | H17: =F17*$B$7 -> 705433.47 | I17: =$B$6*IF($B$8=1,IF(G17>H17,G17,0),MAX(0,G17-H17)) -> 0 | J17: =D17-E17-I17 -> 7265964.7 | K17: =MAX(K16,J17) -> 7265964.7 | L17: =L16*(1+B17) -> 8260963.5
A20: Results
A21: Years | B21: =COUNT(A13:A17) -> 5
A22: Gross final value (no fees) | B22: =L17 -> 8260963.5
A23: Closing value before exit load | B23: =J17 -> 7265964.7
A24: Exit load amount | B24: =B23*B10 -> 0
A25: Final net value | B25: =B23-B24 -> 7265964.7
A26: Total fixed fees | B26: =SUM(E13:E17) -> 600305.75
A27: Total performance fees | B27: =SUM(I13:I17) -> 242843.52
A28: Total fees incl. exit load | B28: =B24+B26+B27 -> 843149.27
A29: Gross CAGR | B29: =(B22/B4)^(1/B21)-1 -> 0.10563592
A30: Net CAGR | B30: =(B25/B4)^(1/B21)-1 -> 0.077617552
A31: Fee drag (gross CAGR minus net CAGR) | B31: =B29-B30 -> 0.028018368

Sheet CO9_ExitLoad
A1: CO9_ExitLoad
A3: Inputs (blue = edit these)
A4: Initial investment (Rs) | B4: 5000000
A5: Fixed fee (% of opening value) | B5: 0.02
A6: Performance fee (% of profit) | B6: 0
A7: Hurdle rate (% of base) | B7: 0
A8: Catch-up (1 = yes, 0 = no) | B8: 0
A9: High-water mark (1 = yes, 0 = no) | B9: 0
A10: Exit load (% of final value) | B10: 0.01
A12: Year | B12: Gross return | C12: Opening value | D12: Value before fees | E12: Fixed fee | F12: Base (opening or HWM) | G12: Profit over base | H12: Hurdle amount | I12: Performance fee | J12: Closing value | K12: HWM after year | L12: Gross value (no fees)
A13: 1 | B13: 0.1 | C13: =$B$4 -> 5000000 | D13: =C13*(1+B13) -> 5500000 | E13: =C13*$B$5 -> 100000 | F13: =IF($B$9=1,$B$4,C13) -> 5000000 | G13: =D13-E13-F13 -> 400000 | H13: =F13*$B$7 -> 0 | I13: =$B$6*IF($B$8=1,IF(G13>H13,G13,0),MAX(0,G13-H13)) -> 0 | J13: =D13-E13-I13 -> 5400000 | K13: =MAX($B$4,J13) -> 5400000 | L13: =$B$4*(1+B13) -> 5500000
A14: 2 | B14: 0.1 | C14: =J13 -> 5400000 | D14: =C14*(1+B14) -> 5940000 | E14: =C14*$B$5 -> 108000 | F14: =IF($B$9=1,K13,C14) -> 5400000 | G14: =D14-E14-F14 -> 432000 | H14: =F14*$B$7 -> 0 | I14: =$B$6*IF($B$8=1,IF(G14>H14,G14,0),MAX(0,G14-H14)) -> 0 | J14: =D14-E14-I14 -> 5832000 | K14: =MAX(K13,J14) -> 5832000 | L14: =L13*(1+B14) -> 6050000
A15: 3 | B15: 0.1 | C15: =J14 -> 5832000 | D15: =C15*(1+B15) -> 6415200 | E15: =C15*$B$5 -> 116640 | F15: =IF($B$9=1,K14,C15) -> 5832000 | G15: =D15-E15-F15 -> 466560 | H15: =F15*$B$7 -> 0 | I15: =$B$6*IF($B$8=1,IF(G15>H15,G15,0),MAX(0,G15-H15)) -> 0 | J15: =D15-E15-I15 -> 6298560 | K15: =MAX(K14,J15) -> 6298560 | L15: =L14*(1+B15) -> 6655000
A16: 4 | B16: 0.1 | C16: =J15 -> 6298560 | D16: =C16*(1+B16) -> 6928416 | E16: =C16*$B$5 -> 125971.2 | F16: =IF($B$9=1,K15,C16) -> 6298560 | G16: =D16-E16-F16 -> 503884.8 | H16: =F16*$B$7 -> 0 | I16: =$B$6*IF($B$8=1,IF(G16>H16,G16,0),MAX(0,G16-H16)) -> 0 | J16: =D16-E16-I16 -> 6802444.8 | K16: =MAX(K15,J16) -> 6802444.8 | L16: =L15*(1+B16) -> 7320500
A17: 5 | B17: 0.1 | C17: =J16 -> 6802444.8 | D17: =C17*(1+B17) -> 7482689.3 | E17: =C17*$B$5 -> 136048.9 | F17: =IF($B$9=1,K16,C17) -> 6802444.8 | G17: =D17-E17-F17 -> 544195.58 | H17: =F17*$B$7 -> 0 | I17: =$B$6*IF($B$8=1,IF(G17>H17,G17,0),MAX(0,G17-H17)) -> 0 | J17: =D17-E17-I17 -> 7346640.4 | K17: =MAX(K16,J17) -> 7346640.4 | L17: =L16*(1+B17) -> 8052550
A20: Results
A21: Years | B21: =COUNT(A13:A17) -> 5
A22: Gross final value (no fees) | B22: =L17 -> 8052550
A23: Closing value before exit load | B23: =J17 -> 7346640.4
A24: Exit load amount | B24: =B23*B10 -> 73466.404
A25: Final net value | B25: =B23-B24 -> 7273174
A26: Total fixed fees | B26: =SUM(E13:E17) -> 586660.1
A27: Total performance fees | B27: =SUM(I13:I17) -> 0
A28: Total fees incl. exit load | B28: =B24+B26+B27 -> 660126.5
A29: Gross CAGR | B29: =(B22/B4)^(1/B21)-1 -> 0.1
A30: Net CAGR | B30: =(B25/B4)^(1/B21)-1 -> 0.077831308
A31: Fee drag (gross CAGR minus net CAGR) | B31: =B29-B30 -> 0.022168692

Sheet CO10_Zero_Fee_Baseline
A1: CO10_Zero_fee_baseline
A3: Inputs (blue = edit these)
A4: Initial investment (Rs) | B4: 5000000
A5: Fixed fee (% of opening value) | B5: 0
A6: Performance fee (% of profit) | B6: 0
A7: Hurdle rate (% of base) | B7: 0
A8: Catch-up (1 = yes, 0 = no) | B8: 0
A9: High-water mark (1 = yes, 0 = no) | B9: 0
A10: Exit load (% of final value) | B10: 0
A12: Year | B12: Gross return | C12: Opening value | D12: Value before fees | E12: Fixed fee | F12: Base (opening or HWM) | G12: Profit over base | H12: Hurdle amount | I12: Performance fee | J12: Closing value | K12: HWM after year | L12: Gross value (no fees)
A13: 1 | B13: 0.12 | C13: =$B$4 -> 5000000 | D13: =C13*(1+B13) -> 5600000 | E13: =C13*$B$5 -> 0 | F13: =IF($B$9=1,$B$4,C13) -> 5000000 | G13: =D13-E13-F13 -> 600000 | H13: =F13*$B$7 -> 0 | I13: =$B$6*IF($B$8=1,IF(G13>H13,G13,0),MAX(0,G13-H13)) -> 0 | J13: =D13-E13-I13 -> 5600000 | K13: =MAX($B$4,J13) -> 5600000 | L13: =$B$4*(1+B13) -> 5600000
A14: 2 | B14: -0.04 | C14: =J13 -> 5600000 | D14: =C14*(1+B14) -> 5376000 | E14: =C14*$B$5 -> 0 | F14: =IF($B$9=1,K13,C14) -> 5600000 | G14: =D14-E14-F14 -> -224000 | H14: =F14*$B$7 -> 0 | I14: =$B$6*IF($B$8=1,IF(G14>H14,G14,0),MAX(0,G14-H14)) -> 0 | J14: =D14-E14-I14 -> 5376000 | K14: =MAX(K13,J14) -> 5600000 | L14: =L13*(1+B14) -> 5376000
A15: 3 | B15: 0.15 | C15: =J14 -> 5376000 | D15: =C15*(1+B15) -> 6182400 | E15: =C15*$B$5 -> 0 | F15: =IF($B$9=1,K14,C15) -> 5376000 | G15: =D15-E15-F15 -> 806400 | H15: =F15*$B$7 -> 0 | I15: =$B$6*IF($B$8=1,IF(G15>H15,G15,0),MAX(0,G15-H15)) -> 0 | J15: =D15-E15-I15 -> 6182400 | K15: =MAX(K14,J15) -> 6182400 | L15: =L14*(1+B15) -> 6182400
A16: 4 | B16: 0.08 | C16: =J15 -> 6182400 | D16: =C16*(1+B16) -> 6676992 | E16: =C16*$B$5 -> 0 | F16: =IF($B$9=1,K15,C16) -> 6182400 | G16: =D16-E16-F16 -> 494592 | H16: =F16*$B$7 -> 0 | I16: =$B$6*IF($B$8=1,IF(G16>H16,G16,0),MAX(0,G16-H16)) -> 0 | J16: =D16-E16-I16 -> 6676992 | K16: =MAX(K15,J16) -> 6676992 | L16: =L15*(1+B16) -> 6676992
A17: 5 | B17: 0.1 | C17: =J16 -> 6676992 | D17: =C17*(1+B17) -> 7344691.2 | E17: =C17*$B$5 -> 0 | F17: =IF($B$9=1,K16,C17) -> 6676992 | G17: =D17-E17-F17 -> 667699.2 | H17: =F17*$B$7 -> 0 | I17: =$B$6*IF($B$8=1,IF(G17>H17,G17,0),MAX(0,G17-H17)) -> 0 | J17: =D17-E17-I17 -> 7344691.2 | K17: =MAX(K16,J17) -> 7344691.2 | L17: =L16*(1+B17) -> 7344691.2
A20: Results
A21: Years | B21: =COUNT(A13:A17) -> 5
A22: Gross final value (no fees) | B22: =L17 -> 7344691.2
A23: Closing value before exit load | B23: =J17 -> 7344691.2
A24: Exit load amount | B24: =B23*B10 -> 0
A25: Final net value | B25: =B23-B24 -> 7344691.2
A26: Total fixed fees | B26: =SUM(E13:E17) -> 0
A27: Total performance fees | B27: =SUM(I13:I17) -> 0
A28: Total fees incl. exit load | B28: =B24+B26+B27 -> 0
A29: Gross CAGR | B29: =(B22/B4)^(1/B21)-1 -> 0.079942686
A30: Net CAGR | B30: =(B25/B4)^(1/B21)-1 -> 0.079942686
A31: Fee drag (gross CAGR minus net CAGR) | B31: =B29-B30 -> 0
